<?xml version="1.0" encoding="UTF-8"?>
<project-private xmlns="http://www.netbeans.org/ns/project-private/1">
    <editor-bookmarks xmlns="http://www.netbeans.org/ns/editor-bookmarks/2" lastBookmarkId="0"/>
    <open-files xmlns="http://www.netbeans.org/ns/projectui-open-files/2">
        <group>
            <file>file:/C:/Users/EKLOU%20Dodji/Documents/NetBeansProjects/FXTrainV0/src/Backend/DAO/GenericDAO.java</file>
            <file>file:/C:/Users/EKLOU%20Dodji/Documents/NetBeansProjects/FXTrainV0/src/Backend/Service/TitleService.java</file>
            <file>file:/C:/Users/EKLOU%20Dodji/Documents/NetBeansProjects/FXTrainV0/src/Backend/Entity/Author.java</file>
            <file>file:/C:/Users/EKLOU%20Dodji/Documents/NetBeansProjects/FXTrainV0/src/Backend/Service/AuthorService.java</file>
            <file>file:/C:/Users/EKLOU%20Dodji/Documents/NetBeansProjects/FXTrainV0/src/Backend/Service/GenericService.java</file>
            <file>file:/C:/Users/EKLOU%20Dodji/Documents/NetBeansProjects/FXTrainV0/src/Frontend/View/acceuil.css</file>
            <file>file:/C:/Users/EKLOU%20Dodji/Documents/NetBeansProjects/FXTrainV0/src/Frontend/View/Titre.fxml</file>
            <file>file:/C:/Users/EKLOU%20Dodji/Documents/NetBeansProjects/FXTrainV0/src/Frontend/View/Acceuil.fxml</file>
            <file>file:/C:/Users/EKLOU%20Dodji/Documents/NetBeansProjects/FXTrainV0/src/Backend/Service/CategorieService.java</file>
            <file>file:/C:/Users/EKLOU%20Dodji/Documents/NetBeansProjects/FXTrainV0/src/Frontend/Controller/TitreController.java</file>
            <file>file:/C:/Users/EKLOU%20Dodji/Documents/NetBeansProjects/FXTrainV0/src/Frontend/View/titre.css</file>
            <file>file:/C:/Users/EKLOU%20Dodji/Documents/NetBeansProjects/FXTrainV0/src/Backend/Entity/Title.java</file>
            <file>file:/C:/Users/EKLOU%20Dodji/Documents/NetBeansProjects/FXTrainV0/src/RepertoireMusicOfficial/RepertoireMusic.java</file>
            <file>file:/C:/Users/EKLOU%20Dodji/Documents/NetBeansProjects/FXTrainV0/src/Backend/Test/AuthorCli.java</file>
            <file>file:/C:/Users/EKLOU%20Dodji/Documents/NetBeansProjects/FXTrainV0/src/Backend/DAO/TitleDAO.java</file>
            <file>file:/C:/Users/EKLOU%20Dodji/Documents/NetBeansProjects/FXTrainV0/src/Frontend/View/AcceuilContextMenu.fxml</file>
            <file>file:/C:/Users/EKLOU%20Dodji/Documents/NetBeansProjects/FXTrainV0/src/Backend/DAO/CategorieDAO.java</file>
            <file>file:/C:/Users/EKLOU%20Dodji/Documents/NetBeansProjects/FXTrainV0/src/META-INF/persistence.xml</file>
            <file>file:/C:/Users/EKLOU%20Dodji/Documents/NetBeansProjects/FXTrainV0/src/Backend/Util/ConnexionUtil.java</file>
            <file>file:/C:/Users/EKLOU%20Dodji/Documents/NetBeansProjects/FXTrainV0/src/Backend/DAO/AuthorDAO.java</file>
            <file>file:/C:/Users/EKLOU%20Dodji/Documents/NetBeansProjects/FXTrainV0/src/Backend/Test/MusicCli.java</file>
            <file>file:/C:/Users/EKLOU%20Dodji/Documents/NetBeansProjects/FXTrainV0/src/Frontend/Controller/AcceuilController.java</file>
            <file>file:/C:/Users/EKLOU%20Dodji/Documents/NetBeansProjects/FXTrainV0/src/Backend/Entity/BaseEntity.java</file>
            <file>file:/C:/Users/EKLOU%20Dodji/Documents/NetBeansProjects/FXTrainV0/src/Backend/Entity/Categorie.java</file>
        </group>
    </open-files>
</project-private>
